sample_token,instruction,x1,y1,x2,y2,x3,y3,x4,y4,x5,y5,x6,y6,x7,y7,x8,y8,x9,y9,x10,y10,x11,y11,x12,y12
0498c0cbcf424d6b9634bff1c8643307,after the light slow down and keep distance away from the barricades,0.5464887619018555,-0.14547371864318848,0.9821403622627258,-0.2121199369430542,1.5055209398269653,0.10137519985437393,2.1655094623565674,0.05627121403813362,3.0215377807617188,-0.39560002088546753,3.688880205154419,-0.317386269569397,4.034080505371094,-0.11041639745235443,4.871645927429199,-0.2793175280094147,5.641107082366943,0.03280218690633774,6.897885799407959,-0.4598676860332489,7.782898426055908,-0.4169234037399292,8.301183700561523,-0.1614782065153122
04a80ab03a6f4bc7afd189e8fd3e9ac3,Turn right at this signal into the right lane,0.08151887357234955,-0.03688986599445343,0.1868930459022522,-0.1278652846813202,0.42225781083106995,-0.04102709889411926,0.7241909503936768,0.025300350040197372,1.1881883144378662,0.03959830850362778,1.5131508111953735,-0.0035682693123817444,1.7703973054885864,-0.0160176120698452,2.4909133911132812,-0.13289999961853027,2.923973560333252,0.026787519454956055,3.5380148887634277,-0.1054050624370575,4.179862976074219,-0.17845965921878815,4.625999450683594,-0.04940342903137207
04e1752fd1564892b114f79de61a7145,Take the next left,2.869230270385742,0.22119127213954926,5.199768543243408,-0.1865490972995758,7.618231296539307,-0.33838820457458496,10.050840377807617,-0.054768774658441544,12.086921691894531,-0.2132534682750702,14.038987159729004,-0.22862839698791504,16.200834274291992,-0.11735410988330841,18.154685974121094,-0.33360186219215393,20.017410278320312,-0.30759650468826294,21.962976455688477,-0.43018636107444763,23.8162784576416,-0.5974925756454468,25.63058853149414,-0.4648962914943695
055e1a9d172843d5a7d1fa71344913b3,Don't pass the cement truck,1.2982134819030762,-0.03474418818950653,1.8295130729675293,-0.015881545841693878,2.578197717666626,0.07441218197345734,3.6055965423583984,-0.07267902046442032,4.499401569366455,-0.38999783992767334,5.234006881713867,-0.2434176504611969,6.1511077880859375,-0.20026230812072754,6.712873458862305,-0.11066753417253494,7.919971942901611,-0.002693571150302887,8.590394973754883,-0.2301262617111206,10.022245407104492,-0.08009351789951324,10.867653846740723,-0.535811722278595
08c30309865a44db8df44f66ab65d775,Go forward stay in your lane and stop behind cars stopped the traffic light,3.537534713745117,0.25726330280303955,6.5485687255859375,-0.35176020860671997,9.716031074523926,-0.30594226717948914,12.951086044311523,-0.25591087341308594,15.919172286987305,-0.3953714370727539,18.747228622436523,-0.24248871207237244,21.86943244934082,-0.38154155015945435,24.7293701171875,-0.3981912434101105,27.460498809814453,-0.5171300768852234,30.332172393798828,-0.8554219007492065,32.94289016723633,-0.7189832925796509,35.63887405395508,-0.9164830446243286
0a55d1f5e3c04eb6951b22a40a622842,Wait for this lady to pass then keep going,0.4493985176086426,-0.07772066444158554,1.113686203956604,0.12444701045751572,1.4072494506835938,-0.2983498275279999,2.0411434173583984,-0.4252157211303711,2.4185843467712402,0.14152246713638306,2.7036328315734863,-0.08571531623601913,3.642437696456909,-0.46569669246673584,4.003315448760986,-0.3090474307537079,4.63136100769043,-0.18738064169883728,4.722001075744629,-0.32973819971084595,6.248306751251221,-0.10914940387010574,7.085694789886475,-0.9574382901191711
0d03f0d9dbb44764b8b1283c8b7b7fdb,Follow this coca-cola truck,3.1065287590026855,0.24151083827018738,5.699233531951904,-0.25272470712661743,8.439556121826172,-0.4074443578720093,11.14229965209961,-0.22541940212249756,13.501007080078125,-0.3839944005012512,15.756941795349121,-0.3967406153678894,18.179216384887695,-0.40046894550323486,20.466909408569336,-0.6621091365814209,22.625484466552734,-0.6915363669395447,24.870996475219727,-0.9047822952270508,26.96883773803711,-1.1231083869934082,29.05508804321289,-1.1057183742523193
0e82c9a899984b4399ac86b05e6c9348,Go forward staying in your lane,4.553230285644531,0.4375304579734802,8.865227699279785,-0.41755688190460205,12.877294540405273,-0.3696085214614868,16.890052795410156,-0.14366693794727325,20.766704559326172,-0.1451505422592163,24.467660903930664,-0.06846610456705093,28.534103393554688,0.04118954762816429,32.06969451904297,-0.07848154753446579,35.710540771484375,-0.07262695580720901,39.22843551635742,-0.13663184642791748,42.69352722167969,-0.12397691607475281,46.23535919189453,-0.09747271239757538
14c0aee526774417a02d13f74fe3574f,Stay in the left lane here,3.5281894207000732,0.26418638229370117,6.521125793457031,-0.2116389274597168,9.622971534729004,-0.1908831000328064,12.62904167175293,0.07291256636381149,15.411371231079102,0.12033779174089432,17.83990478515625,0.40266719460487366,20.68547248840332,0.5074514150619507,23.238971710205078,0.5698071718215942,25.597436904907227,0.7213847637176514,28.225849151611328,0.7085418701171875,30.40764617919922,0.8653600215911865,32.8177490234375,1.1347354650497437
14e9af7285c54adf81b5fdb4aaece552,"Turn right, then turn left at the next stop sign",1.3291810750961304,0.029831482097506523,2.3122551441192627,-0.21141153573989868,3.740663766860962,-0.16851159930229187,5.083468437194824,-0.17882588505744934,6.456902503967285,-0.5404507517814636,8.157880783081055,-0.7736214995384216,9.421515464782715,-0.8767974376678467,10.78634262084961,-1.1003608703613281,12.096518516540527,-1.1265084743499756,13.680679321289062,-1.501621961593628,15.373479843139648,-1.7116756439208984,16.651737213134766,-1.7579259872436523
150c83505ad84c77be6c6fd364b97552,change into the left lane after the u turn sign,5.218762397766113,0.5772138237953186,10.371747970581055,-0.35882604122161865,15.02454948425293,-0.09612929821014404,19.40792465209961,0.49438878893852234,23.857894897460938,0.9322584867477417,28.219223022460938,1.2404134273529053,32.62592697143555,1.7713532447814941,36.64129638671875,1.9322896003723145,40.60622787475586,2.449793577194214,44.481597900390625,2.980498790740967,48.409000396728516,3.3978004455566406,52.47837448120117,4.059022903442383
15792c9cb14841cea40b91cf0fd66985,Take a harsh right,1.7525575160980225,0.10993418097496033,2.927614688873291,0.07267359644174576,4.1070733070373535,0.20468223094940186,5.373239517211914,0.7345330715179443,6.254366874694824,0.7740846276283264,7.582611083984375,1.1640853881835938,9.385394096374512,1.5421369075775146,9.814411163330078,2.162602424621582,11.084522247314453,2.072739839553833,11.969194412231445,2.638021469116211,13.153363227844238,3.208026885986328,14.44286823272705,3.353383779525757
1630a1d9cf8a46b3843662a23126e3f6,Take a harsh right at the intersection,1.991226077079773,0.12421610951423645,3.357367515563965,0.005878247320652008,4.735982894897461,0.24487334489822388,6.1585798263549805,0.8627298474311829,7.271098613739014,0.9096130728721619,8.670920372009277,1.3761056661605835,10.58850383758545,1.8015971183776855,11.246495246887207,2.4591825008392334,12.591922760009766,2.5092480182647705,13.625078201293945,3.077017068862915,14.847813606262207,3.770782947540283,16.272205352783203,4.028416156768799
1726ef71f7604e8fb8c195400dc8bada,Hang right as the pedestrian exits his car,5.100713729858398,0.5247745513916016,10.149093627929688,-0.5031765699386597,14.658172607421875,-0.42576533555984497,19.105398178100586,-0.09638890624046326,23.570537567138672,-0.028795413672924042,27.86742401123047,-0.005648769438266754,32.42066955566406,0.2385581135749817,36.4315185546875,0.03924768418073654,40.59564208984375,0.12244623154401779,44.55872344970703,0.19041824340820312,48.54318618774414,0.1868768036365509,52.619049072265625,0.3163292706012726
19cbb46c34ef42ee9a871de61506518e,Turn right at the stopsign,5.509205341339111,0.5953726768493652,11.128273963928223,-0.5681366920471191,16.077306747436523,-0.49027693271636963,20.825115203857422,-0.04976421967148781,25.694564819335938,0.0672658160328865,30.516666412353516,0.028773508965969086,35.26646423339844,0.37231916189193726,39.68689727783203,0.08608546108007431,44.1396369934082,0.26314017176628113,48.36239242553711,0.4669550359249115,52.70606994628906,0.4512117803096771,57.14476013183594,0.7017793655395508
1c8c0a3594a5494c92344fb864e6e4d2,Turn right at the interesection,1.3943188190460205,0.028354329988360405,2.259237289428711,-0.05244981497526169,3.0846590995788574,0.03303210437297821,4.211042404174805,0.011776941828429699,5.131350517272949,-0.23135823011398315,6.043508529663086,-0.12325290590524673,7.253868103027344,0.040908101946115494,7.716241836547852,0.10529782623052597,9.105989456176758,0.040305815637111664,9.760952949523926,0.1632104516029358,11.13935375213623,0.17582781612873077,12.102741241455078,-0.13310612738132477
1e4818b3b2354b87ba1b40b7a8d13ed5,follow the vehicle in front of you,3.869589328765869,0.32228511571884155,7.25679874420166,-0.26318055391311646,10.683812141418457,-0.20640206336975098,14.06735897064209,0.0013818545266985893,17.225635528564453,0.06348628550767899,20.15563201904297,0.29075291752815247,23.439579010009766,0.3888949155807495,26.397449493408203,0.4494723379611969,29.23633575439453,0.5302630066871643,32.17743682861328,0.5033088326454163,34.869285583496094,0.6698651313781738,37.71468734741211,0.7934921383857727
200ea2c6235447acb2849d341afb4139,Slow down and stop behind the truck after it has stopped,2.083009719848633,0.14442799985408783,3.8671038150787354,-0.4192013740539551,5.746225357055664,-0.8845842480659485,7.597558498382568,-0.9979202747344971,9.05866813659668,-1.6982848644256592,10.792238235473633,-2.290970802307129,12.415250778198242,-2.6332318782806396,14.036563873291016,-3.6230967044830322,15.651978492736816,-4.135821342468262,17.108362197875977,-4.86895751953125,18.900972366333008,-5.894647121429443,20.286529541015625,-6.5385847091674805
2037690a58a74100af797cb717ca1160,"Wait a moment, then pass the pedestrian on the right",0.006066150963306427,-0.029870346188545227,-3.1191157177090645e-05,-0.1017419844865799,0.1732373982667923,-0.04322103410959244,0.4716476798057556,0.06291470676660538,0.771053671836853,0.0501304492354393,1.131669044494629,-0.02340223640203476,1.351609468460083,-0.04483664408326149,2.019007921218872,-0.09176619350910187,2.4385879039764404,0.007634051144123077,2.9416637420654297,-0.0327865406870842,3.44235897064209,-0.08970923721790314,3.9111087322235107,0.010255880653858185
20c25616e4464db9a8fb433c0d3d7359,Slown down as the pedestrians cross the road,0.9888326525688171,-0.0943061038851738,1.5318756103515625,-0.19126605987548828,2.5422964096069336,-0.015390338376164436,3.571756362915039,-0.021337013691663742,4.5436692237854,-0.5582948923110962,5.684790134429932,-0.5545663237571716,6.4341044425964355,-0.48817598819732666,7.432681083679199,-0.6382653117179871,8.521259307861328,-0.4294458329677582,9.929245948791504,-0.9470452070236206,11.124381065368652,-0.953233003616333,11.96927261352539,-0.8501174449920654
24e6e64ecf794be4a51f7454c8b6d0b2,Turn left at the next intersection,2.495047092437744,0.2319510579109192,4.464230537414551,-0.10723259299993515,6.742652893066406,9.266659617424011e-06,8.896123886108398,0.46897685527801514,10.84913444519043,0.6105320453643799,12.865986824035645,0.9515787363052368,15.007928848266602,1.1679788827896118,16.866376876831055,1.4375585317611694,18.707815170288086,1.7061479091644287,20.721712112426758,1.903730869293213,22.726781845092773,2.2179272174835205,24.62008285522461,2.610142230987549
264b539004724bdc8a413e067e53907a,Take the next right,4.530979156494141,0.47264862060546875,8.754862785339355,-0.3257022500038147,12.686395645141602,-0.12453508377075195,16.636978149414062,0.2352873980998993,20.46029281616211,0.41682708263397217,24.047021865844727,0.7472765445709229,28.236112594604492,0.9763442277908325,31.633501052856445,1.1906342506408691,35.27082443237305,1.361023187637329,38.80540084838867,1.5086677074432373,42.26371383666992,1.84996497631073,45.812294006347656,2.1012163162231445
27dcccc2cf7c4ab5aae90ec8edd44ced,stop at the red light behind the crosswalk,0.996724009513855,-0.027843276038765907,1.3680773973464966,-0.008764900267124176,2.0190534591674805,-0.07980682700872421,2.594050168991089,-0.22308829426765442,3.3681702613830566,-0.22567686438560486,4.132620811462402,-0.1321956217288971,4.78583288192749,-0.3528863191604614,5.195057392120361,-0.01714024692773819,6.337258815765381,0.07209587842226028,6.992359161376953,-0.3878757059574127,8.463541030883789,-0.0658281147480011,9.09330940246582,-0.5487130284309387
2ab683f384234dce89800049dec19a30,drive straight at the traffic lights,2.279616594314575,0.19238832592964172,4.331973075866699,-0.3297540247440338,6.645626544952393,-0.2885538637638092,8.812207221984863,-0.044989459216594696,10.902545928955078,-0.20626705884933472,13.452610969543457,-0.2349320352077484,15.636077880859375,-0.34668415784835815,17.693523406982422,-0.47617170214653015,19.693235397338867,-0.4500015377998352,21.876789093017578,-0.7065807580947876,24.263092041015625,-0.6757564544677734,26.346080780029297,-0.7099449038505554
2c464f56002c48adb695925d7f1c4f55,Turn right at the light,5.02331018447876,0.5152367353439331,9.955598831176758,-0.474961519241333,14.38995361328125,-0.38706284761428833,18.767261505126953,-0.05337536707520485,23.136005401611328,0.03142166882753372,27.33806610107422,0.08738990873098373,31.81501007080078,0.3328464925289154,35.747047424316406,0.18033799529075623,39.82172393798828,0.28110694885253906,43.70804214477539,0.36319035291671753,47.61021423339844,0.3985030949115753,51.602882385253906,0.5483859181404114
322f9f049dc9426e962e0da87e8e2594,Stay behind the car in front of you and watchout for the merging motorcycle,2.743194580078125,0.2295549213886261,4.9591169357299805,-0.2138851284980774,7.369699001312256,-0.3843021094799042,9.716567993164062,-0.14145705103874207,11.711793899536133,-0.30108046531677246,13.740443229675293,-0.34564080834388733,15.839462280273438,-0.30382612347602844,17.799213409423828,-0.5731613039970398,19.709136962890625,-0.5851269960403442,21.631633758544922,-0.7391529083251953,23.567378997802734,-0.9861427545547485,25.395296096801758,-0.9356977939605713
3876a58972424620ae9c58e5e069d66d,Take this u-turn a moment after the car in front of us does,3.552973508834839,0.24500492215156555,6.653683185577393,-0.37777018547058105,9.85122013092041,-0.52251797914505,13.016095161437988,-0.5391640663146973,15.906676292419434,-0.7787113189697266,18.58493995666504,-0.8287802338600159,21.504066467285156,-0.98325514793396,24.289350509643555,-1.3206864595413208,26.86113739013672,-1.5161242485046387,29.574195861816406,-1.9463986158370972,31.98381805419922,-2.1955034732818604,34.5051155090332,-2.42354416847229
3a2022987c574dd68fa526d234ebc417,Turn left at the stopsign,3.192521333694458,0.19876253604888916,6.11346960067749,-0.47898632287979126,8.995306015014648,-0.8672131299972534,11.937193870544434,-0.9786553382873535,14.46298599243164,-1.5624017715454102,16.86094856262207,-1.9881004095077515,19.330413818359375,-2.329620838165283,21.90065574645996,-3.18782377243042,24.150304794311523,-3.5346829891204834,26.555374145507812,-4.338249683380127,28.835826873779297,-5.115112781524658,30.929882049560547,-5.543284893035889
3b668cfe2659474bbeee68c206573740,Pass this parked car on the right,2.776705265045166,0.20954929292201996,5.134296894073486,-0.3147864043712616,7.59438419342041,-0.5955367684364319,10.064743995666504,-0.4756757616996765,12.12822151184082,-0.838992714881897,14.208009719848633,-1.0621466636657715,16.302520751953125,-1.1905779838562012,18.389305114746094,-1.7324483394622803,20.34398078918457,-1.8771858215332031,22.33182716369629,-2.297445058822632,24.34534454345703,-2.816864252090454,26.153274536132812,-2.9686379432678223
4134b8c75c8f43dab91bfc2d134040a8,Go into the left-most lane to turn left at the light,3.4200525283813477,0.25034692883491516,6.375730514526367,-0.4469388425350189,9.449783325195312,-0.41224372386932373,12.674091339111328,-0.44592952728271484,15.624858856201172,-0.7261221408843994,18.50851058959961,-0.6554067134857178,21.716083526611328,-0.944732129573822,24.553852081298828,-1.0522176027297974,27.389965057373047,-1.3198633193969727,30.315868377685547,-1.8637120723724365,33.05279541015625,-1.8088196516036987,35.772544860839844,-2.223580837249756
41741424f0ca4b5ba914447cf059090f,Turn left at this intersection,1.2929259538650513,-0.03130563348531723,2.0598301887512207,-0.23269984126091003,3.2390975952148438,-0.24777811765670776,4.507210731506348,-0.27852222323417664,5.67887020111084,-0.8379088640213013,6.957830429077148,-0.9988760948181152,7.967229843139648,-1.126577377319336,9.163948059082031,-1.4890294075012207,10.427512168884277,-1.524876356124878,11.774805068969727,-1.99185311794281,13.164541244506836,-2.3628652095794678,14.264969825744629,-2.5398998260498047
4387ff7bf1cd49888c11627e64330dd6,slightly move into the right lane to avoid hitting the parked bikes,4.504324436187744,0.5555810332298279,8.6499605178833,-0.14772069454193115,12.490671157836914,0.34639227390289307,16.33774757385254,0.994633138179779,20.1090087890625,1.5686346292495728,23.601722717285156,2.3337578773498535,27.99393653869629,2.8272294998168945,31.213069915771484,3.664104700088501,34.83684158325195,4.200317859649658,38.412742614746094,4.801598072052002,41.97624206542969,5.7550578117370605,45.570255279541016,6.498762130737305
43a35551dc4a4f808dccf9476ab8ce19,slow down and stay behind motorcyclist,3.591111660003662,0.2895094156265259,6.5984625816345215,-0.26663970947265625,9.780194282531738,-0.09965968132019043,13.015249252319336,0.08880570530891418,16.005874633789062,0.12171614915132523,18.80063247680664,0.48634645342826843,22.04622459411621,0.48277193307876587,24.864473342895508,0.742274820804596,27.624134063720703,0.7843555212020874,30.550947189331055,0.6651198863983154,33.18413543701172,1.0853536128997803,35.939552307128906,1.120810866355896
48cdffa36967443f9442b1028714fdcc,Stop behind this truck ahead,4.921697616577148,0.526706337928772,9.657730102539062,-0.35934579372406006,13.964015007019043,-0.14438968896865845,18.20065689086914,0.30550718307495117,22.411026000976562,0.5799542665481567,26.433692932128906,0.8554989099502563,30.83977699279785,1.2210525274276733,34.59712219238281,1.3685479164123535,38.512176513671875,1.6546990871429443,42.2862663269043,1.9485033750534058,46.06498718261719,2.2798476219177246,49.944801330566406,2.6646230220794678
48f81c548d0148fc8010a73d70b2ef9c,Stop behind the cars that are stopped at the light,5.465121746063232,0.5943207740783691,11.07164478302002,-0.6495265960693359,15.908710479736328,-0.594810962677002,20.72688865661621,-0.2800579369068146,25.675334930419922,-0.3228200674057007,30.453432083129883,-0.4210156500339508,35.548927307128906,-0.2244144082069397,39.92359924316406,-0.5788648724555969,44.64300537109375,-0.6341737508773804,49.04539489746094,-0.6696680188179016,53.54911804199219,-0.8125733137130737,58.09314727783203,-0.8337379097938538
4955d624fe5146b4ac280bb323d5a1ff,Turn right at the light into the middle lane,1.16175377368927,0.004761284217238426,1.9377307891845703,-0.1452442705631256,3.2967052459716797,0.042210325598716736,4.479952812194824,0.08523836731910706,5.676403999328613,-0.20559412240982056,7.208060264587402,-0.25745275616645813,8.348947525024414,-0.19795680046081543,9.561430931091309,-0.197106271982193,10.655237197875977,-0.017540641129016876,12.278545379638672,-0.38908398151397705,13.781549453735352,-0.270945280790329,14.862027168273926,-0.07389233261346817
51f2345e6fd74a57a876fe5f0c1610a1,Continue to follow this truck and turn left,1.3663570880889893,-0.05378880351781845,1.905234932899475,-0.129192054271698,2.820924758911133,0.12182149291038513,4.0167436599731445,0.16910213232040405,4.995575428009033,-0.1539192795753479,5.868265151977539,0.04473898559808731,6.866888046264648,0.19001497328281403,7.619519233703613,0.2480698823928833,8.877445220947266,0.4525846540927887,9.79848861694336,0.35921919345855713,10.996174812316895,0.5319022536277771,11.948297500610352,0.5354630351066589
520438ef3156476ab50e5dc5c01edc14,Turn right at this intersection,5.212956428527832,0.6039107441902161,10.364789962768555,-0.4773486852645874,14.880084991455078,-0.21432501077651978,19.475128173828125,0.2130332589149475,24.082717895507812,0.3781728744506836,28.513473510742188,0.6367802619934082,33.56906509399414,0.9088077545166016,37.584747314453125,1.0560259819030762,42.100215911865234,1.1857563257217407,46.295413970947266,1.3628544807434082,50.61241912841797,1.6873456239700317,54.94413375854492,1.878843069076538
53b7daee15ef4e3bb01151f448e7961c,wait for the gray sedan to turn left then go straight,0.0061119720339775085,-0.029895445331931114,-3.1279632821679115e-05,-0.10179489850997925,0.1731324940919876,-0.0431600883603096,0.47144389152526855,0.06286656111478806,0.7707774639129639,0.05003053694963455,1.1315696239471436,-0.023398734629154205,1.351502537727356,-0.04490062594413757,2.018789768218994,-0.09173333644866943,2.438432216644287,0.0075477175414562225,2.9413950443267822,-0.03291178494691849,3.442049503326416,-0.08978874981403351,3.9108965396881104,0.010144494473934174
549a057075c4426bbfa39acfcca5e2c6,Wait for the pedestrians to cross,4.082742214202881,0.34646841883659363,7.765265464782715,-0.30779939889907837,11.394662857055664,-0.29943299293518066,14.94743537902832,-0.09936213493347168,18.30344581604004,-0.06255488842725754,21.45376968383789,0.06278034299612045,24.87026023864746,0.17534217238426208,28.0124568939209,0.10214503854513168,31.020885467529297,0.16352233290672302,34.07954788208008,0.12142766267061234,36.94365692138672,0.1593141257762909,39.951148986816406,0.26389801502227783
54a00e86e4bc4e16ad9456cc721f9f13,stopped at light and people are crossing,0.006099436432123184,-0.02988685853779316,-2.041575498878956e-05,-0.10177946090698242,0.17317868769168854,-0.04318185895681381,0.47152554988861084,0.06288095563650131,0.7708973288536072,0.05006663501262665,1.1316288709640503,-0.02340104430913925,1.3515640497207642,-0.04487849771976471,2.018895387649536,-0.09174972772598267,2.43852162361145,0.007577482610940933,2.941530227661133,-0.03287110477685928,3.4422123432159424,-0.08976766467094421,3.9110255241394043,0.010179195553064346
59df5211d92545d287f2dd487affc84b,Slow down as you are approaching the red light,3.874662399291992,0.3058248460292816,7.312583923339844,-0.3211606740951538,10.770214080810547,-0.35108518600463867,14.175224304199219,-0.23157569766044617,17.352462768554688,-0.27813923358917236,20.311424255371094,-0.18691661953926086,23.550662994384766,-0.16764187812805176,26.55435562133789,-0.2951027750968933,29.395244598388672,-0.3228141665458679,32.33052062988281,-0.48862335085868835,35.01325988769531,-0.517378568649292,37.842430114746094,-0.5302319526672363
5fae799a320247328f628bd1ebc45aea,Continue after the toll gate has raised,0.17307257652282715,-0.04649873077869415,0.5344488024711609,-0.11454686522483826,0.7306075096130371,-0.08615151792764664,1.2021558284759521,-0.09602759033441544,1.8292264938354492,0.11714238673448563,2.175459146499634,-0.06097976118326187,2.5162224769592285,-0.1464325338602066,3.293222188949585,-0.23106950521469116,3.8923420906066895,-0.04151631146669388,4.4257354736328125,-0.16595743596553802,5.515930652618408,-0.22863659262657166,6.055558204650879,-0.3051600456237793
626e395b56a24a7e881d1d3b39f7922d,Stop behind the car that is stopped at the red light,4.408761024475098,0.39584609866142273,8.567037582397461,-0.4181082248687744,12.48063850402832,-0.44433486461639404,16.347320556640625,-0.27782386541366577,20.07044219970703,-0.3256301283836365,23.584611892700195,-0.31974974274635315,27.40105628967285,-0.24116778373718262,30.82355499267578,-0.48051270842552185,34.24241256713867,-0.5090646743774414,37.608741760253906,-0.638725757598877,40.843284606933594,-0.7608615159988403,44.1921272277832,-0.7699075937271118
68544ad06ac24977a3ba7f981096a130,Hang right as the pedestrian exits her car,5.711539268493652,0.6444017887115479,11.588869094848633,-0.6269125938415527,16.62889289855957,-0.46435755491256714,21.600627899169922,-0.020810220390558243,26.80059814453125,0.10040093213319778,31.82574462890625,0.12018349021673203,37.11457061767578,0.47395163774490356,41.679481506347656,0.2751065492630005,46.58727264404297,0.3757355809211731,51.178138732910156,0.5632621645927429,55.87629318237305,0.6287182569503784,60.66495895385742,0.8030363321304321
69468e9eb8fa44049d2016694f14a367,stop at red light,-0.0006252899765968323,-0.026918258517980576,-0.002378692151978612,-0.09562384337186813,0.1811247318983078,-0.050661444664001465,0.49154001474380493,0.0691080391407013,0.7988050580024719,0.06272953003644943,1.1399104595184326,-0.024572275578975677,1.3594214916229248,-0.03837399184703827,2.039987802505493,-0.09588941931724548,2.45438551902771,0.017414633184671402,2.969146966934204,-0.016586370766162872,3.475398540496826,-0.07946884632110596,3.9328339099884033,0.02424997091293335
6dff41853bfd41c4a651736619a90a1f,Pass the parked car/pedestrians on the right when there is space.,0.0076966919004917145,-0.03003440797328949,0.0038046191912144423,-0.10229861736297607,0.17832614481449127,-0.04310191422700882,0.47673895955085754,0.06213310733437538,0.7795173525810242,0.04984010010957718,1.1395459175109863,-0.022961832582950592,1.360184907913208,-0.044277533888816833,2.0286765098571777,-0.09256236255168915,2.448601722717285,0.00794311985373497,2.953915596008301,-0.03438878804445267,3.4574997425079346,-0.09166978299617767,3.9258174896240234,0.008901160210371017
6fc5c52c0f544ea1a90113153a7ac75d,be careful for a sharp curve going left,5.859790802001953,0.6971287727355957,12.14969253540039,-0.8611850738525391,17.32489776611328,-0.8219797611236572,22.579381942749023,-0.5498210191726685,28.11661148071289,-0.7770146131515503,33.440826416015625,-1.0094374418258667,39.40188980102539,-0.9454817771911621,44.149662017822266,-1.4295969009399414,49.63402557373047,-1.745120882987976,54.666465759277344,-1.9828755855560303,59.921791076660156,-2.3270950317382812,65.06483459472656,-2.5956666469573975
71065bdf167248d29495f3b637b91922,slow down for the pedestrians crossing,0.4262470602989197,-0.047430217266082764,0.8440207242965698,-0.07598429918289185,1.2140146493911743,-0.09435474127531052,1.706242561340332,-0.15819311141967773,2.3881375789642334,0.06255920976400375,2.8023738861083984,0.013813935220241547,3.337904453277588,-0.12869885563850403,4.015253067016602,-0.06599932909011841,4.804886817932129,0.05089905112981796,5.376012802124023,-0.137184739112854,6.64719295501709,-0.0516076385974884,7.3269853591918945,-0.1588924080133438
712165fa210941e7bfc04de2ea083579,Stay in this lane to turn right,3.683060646057129,0.275574654340744,6.876932144165039,-0.26606541872024536,10.134559631347656,-0.336755633354187,13.302140235900879,-0.13902418315410614,16.19417953491211,-0.17256629467010498,18.794517517089844,-0.07656726986169815,21.717182159423828,0.006439294666051865,24.43761444091797,-0.15486809611320496,26.90758514404297,-0.07657472044229507,29.625221252441406,-0.2252751886844635,31.938276290893555,-0.22893205285072327,34.43726348876953,-0.05476360023021698
72bbf2c7aea3440fb744d0962be4ea9f,Turn right at the light,1.9764118194580078,0.14652717113494873,3.4240002632141113,-0.1708015501499176,5.0075201988220215,-0.24163749814033508,6.540009498596191,-0.1536167860031128,7.64276123046875,-0.40795859694480896,9.1669921875,-0.5217207670211792,10.857486724853516,-0.40123075246810913,11.840648651123047,-0.6018408536911011,13.328125,-0.8071950078010559,14.375225067138672,-0.8918428421020508,15.931840896606445,-1.001678228378296,17.175323486328125,-1.2423374652862549
732d7a84353f4ada803a9a115728496c,Careful of the woman crossing the road,3.484157085418701,0.25922250747680664,6.429989337921143,-0.32998067140579224,9.544330596923828,-0.27452152967453003,12.718002319335938,-0.19085772335529327,15.624009132385254,-0.3027338981628418,18.393638610839844,-0.12236151844263077,21.470373153686523,-0.23187896609306335,24.265438079833984,-0.2105121612548828,26.949546813964844,-0.30103105306625366,29.773160934448242,-0.594853401184082,32.34714126586914,-0.42797520756721497,34.996971130371094,-0.57769376039505
7692a3e112b44b408d191e45954a813c,Turn left at the intersection,3.127603769302368,0.25130364298820496,5.712383270263672,-0.2100088894367218,8.481501579284668,-0.3020012080669403,11.191272735595703,-0.047209639102220535,13.557748794555664,-0.1245732232928276,15.859514236450195,-0.04895571619272232,18.279499053955078,0.007379036396741867,20.59299087524414,-0.12375760823488235,22.732219696044922,-0.0505206361413002,24.984495162963867,-0.15889468789100647,27.108552932739258,-0.21531566977500916,29.225522994995117,-0.08216534554958344
7c315a1db2ac49439d281605f3cca6be,Wait for the pedestrians to finish crossing,4.832666873931885,0.469116747379303,9.544807434082031,-0.48087430000305176,13.833962440490723,-0.4731265902519226,18.062854766845703,-0.22626690566539764,22.2364444732666,-0.23305249214172363,26.242218017578125,-0.26144149899482727,30.483121871948242,-0.10059365630149841,34.281578063964844,-0.3709385097026825,38.148929595947266,-0.355327308177948,41.86531448364258,-0.39917808771133423,45.558860778808594,-0.5064665079116821,49.342140197753906,-0.46295854449272156
7d0c9d8b00944328a81e11d6f32fd0e1,Exit the roundabout at the second exit,3.4119317531585693,0.2841271758079529,6.222764015197754,-0.12333881109952927,9.231340408325195,0.14842379093170166,12.19936466217041,0.5571787357330322,14.990601539611816,0.8185252547264099,17.49784278869629,1.4203965663909912,20.47942352294922,1.616147518157959,23.04497718811035,2.1744461059570312,25.464353561401367,2.4824445247650146,28.189727783203125,2.734710693359375,30.54083824157715,3.4000396728515625,33.09542465209961,3.818410873413086
7e0cd74501b2471a8aaf47becd96899d,"Approach the intersection and turn right, then immediately after enter the left lane",2.767554521560669,0.21694180369377136,5.051923751831055,-0.25724706053733826,7.489729881286621,-0.48410993814468384,9.897414207458496,-0.2951551675796509,11.921642303466797,-0.552398681640625,13.960609436035156,-0.6849961280822754,16.04725456237793,-0.7162837982177734,18.07127571105957,-1.126715064048767,19.986679077148438,-1.1925817728042603,21.937667846679688,-1.4697797298431396,23.89293670654297,-1.8457990884780884,25.705230712890625,-1.8775891065597534
7fa915fa5d6a4417b96b05d318a0b290,Go forward once the light turns green,0.00565946102142334,-0.029694968834519386,-0.00016532954759895802,-0.10138542950153351,0.1736939698457718,-0.04367218166589737,0.47283056378364563,0.06328383088111877,0.7727360725402832,0.050897374749183655,1.1321955919265747,-0.02348199486732483,1.3520982265472412,-0.04446050152182579,2.0202972888946533,-0.09202934801578522,2.4396071434020996,0.008219387382268906,2.9433810710906982,-0.03180790692567825,3.4444570541381836,-0.08909907191991806,3.912527561187744,0.011097609996795654
8112fd049521493b8e26a653f63aa792,Slow down for the red light and go forward once the light turns green,3.5208520889282227,0.2602369785308838,6.500008583068848,-0.2613414525985718,9.636122703552246,-0.2908886671066284,12.708606719970703,-0.14456592500209808,15.513526916503906,-0.1943129003047943,18.08652114868164,-0.03262463957071304,20.94594955444336,-0.0264703668653965,23.617124557495117,-0.09013917297124863,26.084487915039062,-0.06898630410432816,28.720596313476562,-0.22935715317726135,31.038249969482422,-0.19928738474845886,33.512550354003906,-0.14870290458202362
81c939ce8c0d4cc7b159cb5ed4c4e712,Go forward once the light turns green staying behind the car in front of you,0.0061119720339775085,-0.029895445331931114,-3.1279632821679115e-05,-0.10179489850997925,0.1731324940919876,-0.0431600883603096,0.47144389152526855,0.06286656111478806,0.7707774639129639,0.05003053694963455,1.1315696239471436,-0.023398734629154205,1.351502537727356,-0.04490062594413757,2.018789768218994,-0.09173333644866943,2.438432216644287,0.0075477175414562225,2.9413950443267822,-0.03291178494691849,3.442049503326416,-0.08978874981403351,3.9108965396881104,0.010144494473934174
828ed34a5e0c456fbf0751cabbab3341,Keep right at the intersection,4.08656644821167,0.3555566370487213,7.763931751251221,-0.3281615376472473,11.379365921020508,-0.28778326511383057,14.982175827026367,-0.10159514844417572,18.372962951660156,-0.09717684239149094,21.578266143798828,0.05082514137029648,25.11871337890625,0.11533206701278687,28.284215927124023,0.08781757205724716,31.400747299194336,0.1041322574019432,34.5294303894043,0.013192184269428253,37.495887756347656,0.10341808199882507,40.57216262817383,0.1383804827928543
82d2401da4914515bec957801fbf3f10,Turn left at the next light,4.536226272583008,0.42481181025505066,8.830549240112305,-0.40267330408096313,12.845340728759766,-0.37871789932250977,16.809707641601562,-0.14550291001796722,20.649709701538086,-0.12394558638334274,24.303462982177734,-0.06655070930719376,28.247032165527344,0.07701350748538971,31.765501022338867,-0.080421082675457,35.30403518676758,-0.03809157758951187,38.759246826171875,-0.06977017968893051,42.13019943237305,-0.09156361222267151,45.60790252685547,-0.015425432473421097
8307c8e4aff94796a5ff58d17ec13e05,Merge into the right lane,4.284108638763428,0.36931392550468445,8.304479598999023,-0.4359198808670044,12.120985984802246,-0.5046607255935669,15.912213325500488,-0.40742114186286926,19.5295352935791,-0.5319435596466064,22.949520111083984,-0.5835891366004944,26.65350914001465,-0.5834767818450928,30.0096435546875,-0.8953671455383301,33.335479736328125,-1.0030699968338013,36.62145233154297,-1.239267349243164,39.76435089111328,-1.4466207027435303,43.00616455078125,-1.5633437633514404
84518c42882f4296bad8baf70387bbfe,Slow down as you are approaching a red traffic light,5.1067023277282715,0.5134413242340088,10.16459846496582,-0.5003173351287842,14.702521324157715,-0.45147013664245605,19.135608673095703,-0.12167207896709442,23.595813751220703,-0.04786115139722824,27.903873443603516,-0.06563518196344376,32.35382080078125,0.1984999179840088,36.39325714111328,-0.055885203182697296,40.49401092529297,0.0463978573679924,44.41754913330078,0.12840750813484192,48.355712890625,0.08098378777503967,52.40154266357422,0.23109638690948486
87d52f88505f480486576d64102006eb,Enter the intersection in the left lane,4.1016669273376465,0.34686657786369324,7.854091644287109,-0.313138484954834,11.500455856323242,-0.3647942543029785,15.014262199401855,-0.11058829724788666,18.30776596069336,-0.09225200861692429,21.37302017211914,-0.03502849489450455,24.675168991088867,0.12197351455688477,27.74274444580078,-0.0772465392947197,30.60791015625,0.0529688224196434,33.61069869995117,2.1494925022125244e-05,36.34453582763672,-0.03273025155067444,39.23663330078125,0.19836926460266113
886b6ec57bc849478923925100ee4992,Stop at the stop sign,3.9504239559173584,0.31815868616104126,7.486326217651367,-0.3337366580963135,11.010171890258789,-0.3654820919036865,14.48214054107666,-0.23982274532318115,17.73357391357422,-0.28870654106140137,20.778676986694336,-0.21414998173713684,24.093170166015625,-0.18913404643535614,27.161996841430664,-0.3335590958595276,30.083454132080078,-0.36341774463653564,33.073394775390625,-0.5276761651039124,35.839500427246094,-0.5697225332260132,38.74111557006836,-0.585784375667572
8b2ca789ee28451abc883c990b3a2b70,Turn right at this intersection,3.979308843612671,0.3211110532283783,7.562636375427246,-0.33737432956695557,11.118426322937012,-0.3831360936164856,14.60522174835205,-0.25600725412368774,17.87677764892578,-0.3049207925796509,20.941770553588867,-0.2491525113582611,24.255456924438477,-0.2152933031320572,27.342166900634766,-0.38903969526290894,30.268695831298828,-0.41359204053878784,33.26178741455078,-0.5719279646873474,36.0343132019043,-0.6468902826309204,38.94556427001953,-0.6528550982475281
8d496aed14294243a4f79a79c0851422,Take the next right and pull off to the left,4.177345275878906,0.3835480213165283,7.964534282684326,-0.23913753032684326,11.674997329711914,-0.16008329391479492,15.228796005249023,0.18148541450500488,18.607337951660156,0.37520530819892883,21.788204193115234,0.6274375319480896,25.219924926757812,0.8813027143478394,28.349308013916016,0.9619945287704468,31.330644607543945,1.2216951847076416,34.3735466003418,1.3998733758926392,37.25359344482422,1.5966730117797852,40.289913177490234,1.9605591297149658
8dfd7e7c33c241a39556502bc1690212,slow down as you go over the speed bump,4.487020492553711,0.5158438086509705,8.59506607055664,-0.16450566053390503,12.462148666381836,0.22050786018371582,16.286630630493164,0.8014452457427979,20.00858497619629,1.2995667457580566,23.49287986755371,1.9141912460327148,27.648714065551758,2.3790085315704346,30.919418334960938,3.0075268745422363,34.411903381347656,3.493774175643921,37.87436294555664,4.0145416259765625,41.305789947509766,4.782181262969971,44.80598831176758,5.44480562210083
8f5cb4b83a174817b46d2610b86b30b7,Go forward when the light turns green,0.12007619440555573,-0.04160115495324135,0.27075180411338806,-0.13987770676612854,0.5345746278762817,-0.03541824221611023,0.8322603702545166,0.0071450090035796165,1.3650591373443604,0.02803497016429901,1.6804420948028564,0.008478760719299316,1.9544529914855957,-0.004194770008325577,2.6937904357910156,-0.14655473828315735,3.132483720779419,0.031187422573566437,3.7923998832702637,-0.1458563655614853,4.4908246994018555,-0.22392672300338745,4.929744720458984,-0.08330092579126358
95a723d24ea2406db0627167d576434f,slow down at the stop light for the pedestrian crossing the intersection,3.59660005569458,0.2490350306034088,6.750216007232666,-0.261604905128479,9.92184066772461,-0.3563268184661865,13.022174835205078,-0.0822124257683754,15.793989181518555,-0.17249804735183716,18.24529457092285,-0.09515468031167984,20.984153747558594,-0.012626517564058304,23.623394012451172,-0.2313225269317627,25.865633010864258,-0.07578391581773758,28.511497497558594,-0.25789883732795715,30.67630386352539,-0.24723216891288757,32.9989013671875,0.05006547272205353
95c822b8a0da49f5a358618d7c3c1654,Turn left and follow the truck in front of you,2.042257308959961,0.2035103440284729,3.834995746612549,0.07680375128984451,5.702638149261475,0.6210027933120728,7.606297492980957,1.3948477506637573,9.373059272766113,1.9439809322357178,11.260555267333984,2.7961950302124023,13.13928508758545,3.6406521797180176,14.948328971862793,4.560197830200195,16.51102638244629,5.408120632171631,18.383472442626953,6.274921417236328,20.197540283203125,7.351622104644775,22.11475372314453,8.342472076416016
a7187cbf1ce9473292273c5719f82e86,Slow down and let the pedestrian cross,2.8964593410491943,0.21316665410995483,5.279691219329834,-0.25641095638275146,7.669740676879883,-0.47643956542015076,10.128911972045898,-0.159396231174469,12.068216323852539,-0.5286952257156372,13.979382514953613,-0.64188551902771,16.164934158325195,-0.5704165101051331,18.08609390258789,-0.8798009157180786,19.888870239257812,-0.9164544939994812,21.75083351135254,-1.266930103302002,23.5394287109375,-1.482147216796875,25.256441116333008,-1.4925377368927002
a7d6a8623a0e471ba0a2466a101a6f55,Hang into the middle lane to go around this curb and merge back into this lane,2.890061140060425,0.2216968685388565,5.255926132202148,-0.20762783288955688,7.663597106933594,-0.37009549140930176,10.111607551574707,-0.05802639201283455,12.132352828979492,-0.27672451734542847,14.05691146850586,-0.2949559986591339,16.250022888183594,-0.19089484214782715,18.183185577392578,-0.4020873010158539,20.03278923034668,-0.38726088404655457,21.96599769592285,-0.5637505054473877,23.78669548034668,-0.7311861515045166,25.575191497802734,-0.629682183265686
abfba2b05f5a460888f40d708e58b814,stay on the left and slow down for the speed bump,1.5562996864318848,0.0888838917016983,2.8042101860046387,-0.21736261248588562,4.400311470031738,-0.22384923696517944,5.855736255645752,-0.1667424440383911,7.448725700378418,-0.3651813864707947,9.284357070922852,-0.5701867341995239,10.88137435913086,-0.6825263500213623,12.253094673156738,-0.9377224445343018,13.856882095336914,-0.9863781929016113,15.383607864379883,-1.1147961616516113,17.26487159729004,-1.471840262413025,18.86431121826172,-1.4659161567687988
ac195521576246e3bb140ac5e7b0c602,Merge into the right lane,4.2327375411987305,0.37856605648994446,8.099469184875488,-0.3290451765060425,11.84418773651123,-0.28767508268356323,15.545646667480469,-0.06295115500688553,19.062007904052734,-0.017245523631572723,22.39236068725586,0.11923935264348984,26.02358627319336,0.243391752243042,29.28919219970703,0.19820484519004822,32.50148010253906,0.26357752084732056,35.704437255859375,0.24139109253883362,38.770145416259766,0.3181047737598419,41.954158782958984,0.4195907413959503
afbb06fbf80a4d53a5435456801c6b67,watch out for the cars turning left,3.8823115825653076,0.288390189409256,7.706345558166504,-0.702353835105896,11.28180980682373,-1.0900896787643433,14.92125129699707,-1.4543037414550781,18.34943962097168,-2.1181459426879883,21.645719528198242,-2.7169742584228516,25.125167846679688,-3.244992256164551,28.438037872314453,-4.234675884246826,31.619264602661133,-4.933772563934326,34.81425094604492,-5.956005096435547,37.901729583740234,-6.923241138458252,40.884376525878906,-7.799956321716309
b2345af04f96485382193db6c95e090b,Keep left here,5.084887504577637,0.5282806158065796,10.120584487915039,-0.5135558247566223,14.60833740234375,-0.43765556812286377,19.061853408813477,-0.12163273990154266,23.519855499267578,-0.08239816874265671,27.812822341918945,-0.060249604284763336,32.4172248840332,0.15169037878513336,36.412471771240234,-0.043088383972644806,40.613922119140625,0.003614090383052826,44.58973693847656,0.03092873841524124,48.60626220703125,0.01989230513572693,52.690162658691406,0.10677064955234528
b2b8a0025646480dbe0278105e9d8b62,slow down for the pedstrian in the hat jaywalking,2.3307063579559326,0.1930898129940033,4.172811031341553,-0.2428845763206482,6.305264472961426,-0.41952070593833923,8.264421463012695,-0.24036169052124023,9.95370101928711,-0.4484401345252991,11.910354614257812,-0.6092034578323364,13.748115539550781,-0.6013036370277405,15.468846321105957,-0.9759944677352905,17.173267364501953,-1.079270601272583,18.83136749267578,-1.291720986366272,20.688159942626953,-1.5911989212036133,22.383575439453125,-1.6813331842422485
b2c9bf391e1e4471b5057fccdcc977a6,Go straight at this intersection,0.005663484334945679,-0.02970862202346325,-0.0002510391641408205,-0.10140668600797653,0.1735168695449829,-0.04362531751394272,0.47257399559020996,0.06326509267091751,0.7723326683044434,0.050819963216781616,1.1319290399551392,-0.023483149707317352,1.3518202304840088,-0.04451276734471321,2.019904613494873,-0.09197711944580078,2.439222812652588,0.008147042244672775,2.942866802215576,-0.031874217092990875,3.443815231323242,-0.08911602199077606,3.911971092224121,0.011038750410079956
b3633a2c4e1c4473b4e155d81bbeae88,"Try to merge into the middle lane, otherwise just stay in this lane",5.003265857696533,0.5263485312461853,9.923269271850586,-0.5019773244857788,14.317522048950195,-0.4035545587539673,18.726131439208984,-0.10325834155082703,23.104276657104492,-0.07931958884000778,27.315258026123047,-0.015307404100894928,31.9404239654541,0.15716052055358887,35.84953689575195,0.026510320603847504,40.03575134277344,0.0440702959895134,43.98047637939453,0.040466226637363434,47.97376251220703,0.07537797093391418,52.01044464111328,0.12641455233097076
b56ddfc3fd524c80be190250641f4c1b,"After the light, merge into the right lane",4.7180562019348145,0.4940125644207001,9.209901809692383,-0.41267913579940796,13.318031311035156,-0.2525813579559326,17.496273040771484,0.052236687391996384,21.555923461914062,0.12294281274080276,25.44478988647461,0.3242852985858917,29.862781524658203,0.47917699813842773,33.49523162841797,0.5451022982597351,37.41911315917969,0.601942777633667,41.14111328125,0.6331270933151245,44.88056564331055,0.8402247428894043,48.66124725341797,0.9274482131004333
b606be9441a94eddb74b6e0002ecc4d1,slow down over the crosswalk speed bump,5.181392669677734,0.5374302268028259,10.383188247680664,-0.5728847980499268,14.973543167114258,-0.5399660468101501,19.528348922729492,-0.2574262022972107,24.121307373046875,-0.2852184772491455,28.55074119567871,-0.35262081027030945,33.26013946533203,-0.17533281445503235,37.37289047241211,-0.49183833599090576,41.70714569091797,-0.5142982602119446,45.793495178222656,-0.5591901540756226,49.9327507019043,-0.686188817024231,54.12887191772461,-0.6800363063812256
b6f0189a202e423fbcd4fbe310e74cd7,Enter the roundabout and take the second exit,1.6863682270050049,0.06451465934515,3.4338223934173584,-0.379984050989151,4.939481735229492,-0.3968842029571533,6.326502799987793,-0.8346554636955261,7.178215980529785,-1.2414551973342896,8.70963191986084,-1.6330018043518066,10.225543022155762,-1.6488018035888672,11.096091270446777,-2.365781307220459,12.547266006469727,-2.601315498352051,13.500957489013672,-3.0379655361175537,15.32005500793457,-3.702106475830078,16.267925262451172,-4.310638427734375
b730a92c13f7477aba6422f522f0f00d,hang right as you approach the man on the road,0.0034070760011672974,-0.028153667226433754,-0.0017890252638608217,-0.09770132601261139,0.17889060080051422,-0.046307675540447235,0.48223477602005005,0.06596259027719498,0.7817988991737366,0.05477003753185272,1.1313353776931763,-0.02303432673215866,1.3528201580047607,-0.04034137353301048,2.024963140487671,-0.0919947400689125,2.4366321563720703,0.012431982904672623,2.945730209350586,-0.02592865377664566,3.4429497718811035,-0.08419543504714966,3.906693935394287,0.01665559411048889
b7c945f546634638ae9361267cce3b2f,Pass the parked truck on the left and follow the car in front of us,1.8733971118927002,0.1381959617137909,3.5757217407226562,-0.40878427028656006,5.420302391052246,-0.8401676416397095,7.1216278076171875,-0.9501482248306274,8.702165603637695,-1.5703951120376587,10.758776664733887,-2.2486722469329834,12.373987197875977,-2.6101887226104736,14.124637603759766,-3.5595510005950928,15.730610847473145,-4.1803202629089355,17.349895477294922,-4.80383825302124,19.301998138427734,-5.808582782745361,20.94972801208496,-6.461790084838867
b84954bdd6f44145ae25d66d3a36fe61,"stop at the stopsign, and change into the right lane",4.629816055297852,0.43161091208457947,9.059124946594238,-0.42448025941848755,13.17203140258789,-0.4241771697998047,17.206480026245117,-0.1876683533191681,21.141780853271484,-0.17135870456695557,24.89748191833496,-0.1636684238910675,28.873348236083984,-0.0017883069813251495,32.485469818115234,-0.23007231950759888,36.083396911621094,-0.18326181173324585,39.59269714355469,-0.21071326732635498,43.02650451660156,-0.2912326157093048,46.57586669921875,-0.2107170820236206
ba06095d4e2e425b8e398668abc301d8,Turn right at the intersection with the parked truck,4.120782375335693,0.38922858238220215,7.818211555480957,-0.18470686674118042,11.439037322998047,-0.007698358967900276,14.925736427307129,0.4075685739517212,18.276126861572266,0.7182414531707764,21.351974487304688,1.124550700187683,24.83480453491211,1.450690507888794,27.873268127441406,1.7468912601470947,30.82402229309082,2.0865235328674316,33.88806915283203,2.399332046508789,36.73453903198242,2.7960872650146484,39.76189422607422,3.280966281890869
bdb46f5cf1e74dce9e71616bd0c9209b,Wait for the pedestrian to cross,4.599205493927002,0.4098920226097107,9.090536117553711,-0.5320356488227844,13.226679801940918,-0.6713436841964722,17.291975021362305,-0.579637885093689,21.251724243164062,-0.7663733959197998,25.05838394165039,-0.9848204255104065,29.009592056274414,-0.9804156422615051,32.68464660644531,-1.5070898532867432,36.318660736083984,-1.6650364398956299,39.8453369140625,-1.9543426036834717,43.319091796875,-2.3517141342163086,46.855003356933594,-2.524102210998535
bde8a594119b4deea57c70967a15bfa7,at the stop sign watch out for incoming traffic on the right,5.333128452301025,0.5973555445671082,10.693840026855469,-0.5516968369483948,15.357823371887207,-0.37794750928878784,20.05017852783203,0.00090837012976408,24.813575744628906,0.08336920291185379,29.392988204956055,0.19020017981529236,34.45375442504883,0.4388619065284729,38.628292083740234,0.36303189396858215,43.22370910644531,0.42437744140625,47.507625579833984,0.5195147395133972,51.887351989746094,0.6391991376876831,56.30950927734375,0.7497110366821289
be26b42717e24d4ca73241c13d8f252b,Turn right at the light,0.006106849759817123,-0.029895178973674774,-3.795255906879902e-05,-0.10179303586483002,0.1731254905462265,-0.04316256195306778,0.4714409112930298,0.06286972761154175,0.7707744836807251,0.05003552883863449,1.1315633058547974,-0.023399703204631805,1.35149347782135,-0.04490099847316742,2.0187830924987793,-0.09173408150672913,2.4384303092956543,0.0075506791472435,2.9413914680480957,-0.03290366381406784,3.442049026489258,-0.08978234231472015,3.9108920097351074,0.010151814669370651
bff09582450f4d228d8fb0c66932dda6,Slow down when passing the work zone,5.1295671463012695,0.5749132037162781,10.219563484191895,-0.5325554013252258,14.679689407348633,-0.3548268675804138,19.247783660888672,-0.03208838775753975,23.80316162109375,-0.008717887103557587,28.180992126464844,0.13133522868156433,33.181617736816406,0.2836420238018036,37.16617965698242,0.2664722204208374,41.658958435058594,0.25475141406059265,45.81898498535156,0.25271478295326233,50.085479736328125,0.3891335427761078,54.349853515625,0.4029044210910797
c0aec1be04634fb292eb5f1cedf3dd9b,Get into the left lane at this light,0.7919145226478577,-0.1514066904783249,1.2802536487579346,-0.20792868733406067,2.1347930431365967,0.006435392424464226,3.0385823249816895,-0.014839475043118,3.935905694961548,-0.5894454121589661,4.933640480041504,-0.5788580179214478,5.5486650466918945,-0.4637209177017212,6.447300434112549,-0.6322699785232544,7.461456298828125,-0.3535752296447754,8.874856948852539,-0.94383305311203,9.98051643371582,-0.9256936311721802,10.703736305236816,-0.7400375008583069
c1f3e0222c9b485f93ae31290084bbff,Go forward stay in your lane and slow down as you pass the pedestrian on the left,3.651216983795166,0.29800546169281006,6.8407511711120605,-0.18173974752426147,10.03699779510498,-0.057684898376464844,13.105838775634766,0.35129672288894653,16.02541732788086,0.5167165994644165,18.570301055908203,0.9495538473129272,21.554983139038086,1.1391488313674927,24.161888122558594,1.404785394668579,26.5910701751709,1.6881637573242188,29.31243133544922,1.891137957572937,31.60590362548828,2.2227084636688232,34.15550994873047,2.680969715118408
c244e23b1c024a37a131c0c53d72b8b8,Go forward once the light turns green and there are no more cars in front of you,0.004301425069570541,-0.02909104898571968,-0.0006143760401755571,-0.10013708472251892,0.17534837126731873,-0.045196570456027985,0.47694724798202515,0.06454750150442123,0.7784987688064575,0.05348037928342819,1.133958339691162,-0.023720376193523407,1.3537734746932983,-0.043133050203323364,2.024686336517334,-0.0928841158747673,2.4429454803466797,0.010223984718322754,2.949134111404419,-0.028498806059360504,3.451382637023926,-0.0870208814740181,3.917130470275879,0.013952728360891342
c28bb825b0f24e53b6752f86f0479f5e,Hang left and go around the biker,2.780747652053833,0.08042755722999573,5.374078273773193,-0.9415596723556519,7.806868076324463,-1.9875775575637817,10.208183288574219,-2.4738428592681885,12.5532865524292,-3.9023542404174805,14.508576393127441,-5.397784233093262,16.876028060913086,-6.776182651519775,19.315296173095703,-8.68343448638916,21.7091007232666,-10.007280349731445,23.89775848388672,-11.98145866394043,26.510501861572266,-14.295872688293457,28.692949295043945,-15.802651405334473
c2e8067d124645a2bd0041a694d90dc1,Turn right at this light,1.2097153663635254,-0.024392204359173775,1.695589303970337,0.05746472626924515,2.390890598297119,0.030154390260577202,3.278229236602783,-0.12550069391727448,4.0526957511901855,-0.337177038192749,4.777531147003174,-0.19111737608909607,5.64967679977417,-0.26802095770835876,6.1061859130859375,-0.02839464694261551,7.1739959716796875,0.07226701825857162,7.842565536499023,-0.27785447239875793,9.34078598022461,-0.037633851170539856,10.086153984069824,-0.5902541875839233
c655eb8a1da54acc97966203247af30a,Turn left at this intersection,1.2882108688354492,-0.0471578985452652,2.019587278366089,-0.07427949458360672,2.7207562923431396,0.01318308524787426,3.780333995819092,-0.18529358506202698,4.683385848999023,-0.5112497210502625,5.438633918762207,-0.5085428357124329,6.359169960021973,-0.42743638157844543,6.916698932647705,-0.4916999936103821,8.175493240356445,-0.44615042209625244,8.781267166137695,-0.625836193561554,10.325300216674805,-0.6432009339332581,11.147259712219238,-1.2233940362930298
c81ff26950724ab996a5faf780496e49,"Slowly pass the parked bus, on the left and slowly approach the intersection, allowing ample space for passengers.",2.8746869564056396,0.22686906158924103,5.227076530456543,-0.14341306686401367,7.578265190124512,-0.16850900650024414,9.948135375976562,0.2480543851852417,12.00777816772461,0.19874054193496704,13.904537200927734,0.37501540780067444,16.152576446533203,0.5790598392486572,17.987085342407227,0.6584768295288086,19.80047607421875,0.755088210105896,21.75391387939453,0.8453513383865356,23.522464752197266,0.9322825074195862,25.3763484954834,1.2119101285934448
c851859133bd4cc3871676e0077711ad,slow down for the two cars coming into the lane and follow the vested person's instructions,2.5814881324768066,0.2035042643547058,4.564411163330078,-0.18500354886054993,6.7369585037231445,-0.3680573105812073,8.882572174072266,-0.11468106508255005,10.599299430847168,-0.3337213099002838,12.462398529052734,-0.4719598889350891,14.386924743652344,-0.3394174575805664,16.1387882232666,-0.6341738700866699,17.825681686401367,-0.6822599172592163,19.476421356201172,-0.8747664093971252,21.24030876159668,-1.0643999576568604,22.8972225189209,-1.068215250968933
c8adef79dfe5419996f8d1e556242f62,Slow down and stop behind the stopped cars in front of you,2.490222930908203,0.2058190107345581,4.439188003540039,-0.20484831929206848,6.648676872253418,-0.3625201880931854,8.739474296569824,-0.14107868075370789,10.512578964233398,-0.3025674521923065,12.470651626586914,-0.40571022033691406,14.386554718017578,-0.33765465021133423,16.170589447021484,-0.6327862739562988,17.920167922973633,-0.6774019002914429,19.640880584716797,-0.8236192464828491,21.493927001953125,-1.0475014448165894,23.225162506103516,-1.05073881149292
c91398857b304163aafa4153eaaff65d,slow down for the pedestrian crossing the road,3.7919366359710693,0.2939963638782501,7.1398468017578125,-0.37905585765838623,10.518259048461914,-0.3979681134223938,13.938882827758789,-0.35950690507888794,17.102787017822266,-0.5150274634361267,20.076684951782227,-0.44492307305336,23.397655487060547,-0.5569238066673279,26.398029327392578,-0.6996886730194092,29.315357208251953,-0.850689709186554,32.304386138916016,-1.1811579465866089,35.05216598510742,-1.2121893167495728,37.902587890625,-1.4120970964431763
ca17c2b94ea1473ab6317f8f1cf4632e,Wait here,0.0061119720339775085,-0.029895445331931114,-3.1279632821679115e-05,-0.10179489850997925,0.1731324940919876,-0.0431600883603096,0.47144389152526855,0.06286656111478806,0.7707774639129639,0.05003053694963455,1.1315696239471436,-0.023398734629154205,1.351502537727356,-0.04490062594413757,2.018789768218994,-0.09173333644866943,2.438432216644287,0.0075477175414562225,2.9413950443267822,-0.03291178494691849,3.442049503326416,-0.08978874981403351,3.9108965396881104,0.010144494473934174
cd94f280e057494dac4bc34a68a94c2b,slow down because the road gets windy,4.235418319702148,0.4308677911758423,8.05882453918457,-0.22873711585998535,11.729927062988281,0.011495230719447136,15.394540786743164,0.40043389797210693,18.90321922302246,0.6706727743148804,22.13960838317871,1.1184030771255493,25.99852752685547,1.3878757953643799,29.11764144897461,1.7534964084625244,32.39545822143555,2.02023983001709,35.67661666870117,2.2640764713287354,38.79698944091797,2.7339882850646973,42.04042053222656,3.1079766750335693
d4220b20a42148619ea9f573ce4cbe1b,slow down for the black and yellow speed bump,3.4411401748657227,0.2423623502254486,6.4077558517456055,-0.3461129665374756,9.503896713256836,-0.45489442348480225,12.583881378173828,-0.44430023431777954,15.38351058959961,-0.6367902755737305,18.011850357055664,-0.6421036720275879,20.867509841918945,-0.7685464024543762,23.58206558227539,-1.017653226852417,26.10633659362793,-1.191976547241211,28.75749969482422,-1.5560410022735596,31.15237808227539,-1.7346174716949463,33.628021240234375,-1.9421666860580444
d5b204cc87594c89a672b5a7581b7282,Stop behind the stopped cars,3.1965579986572266,0.23850637674331665,5.904234886169434,-0.3036532998085022,8.767192840576172,-0.43022361397743225,11.60932731628418,-0.3424489498138428,14.136696815490723,-0.5301455855369568,16.580699920654297,-0.5427016615867615,19.169010162353516,-0.6307124495506287,21.639938354492188,-0.8797247409820557,23.967554092407227,-0.9955018758773804,26.366207122802734,-1.288738489151001,28.625770568847656,-1.5001362562179565,30.88402557373047,-1.6350438594818115
d835aadf9ea44221a5024ce1051d19e2,turn left at the stop light,3.374340295791626,0.2487727701663971,6.228960037231445,-0.23703795671463013,9.18936824798584,-0.3632214367389679,12.091044425964355,-0.14928951859474182,14.660238265991211,-0.2400989532470703,16.98016357421875,-0.19508886337280273,19.588321685791016,-0.12815968692302704,22.034807205200195,-0.3500277101993561,24.253772735595703,-0.28909069299697876,26.699230194091797,-0.4632240831851959,28.803085327148438,-0.5646156072616577,31.011188507080078,-0.4006560444831848
d93976f7d9e34f9ba0ca374c232904b7,take the second exit in the roundabout,1.6788898706436157,0.10895789414644241,3.1823112964630127,-0.23912203311920166,4.843052864074707,-0.5181666016578674,6.309694290161133,-0.5851349234580994,7.850921154022217,-0.9397612810134888,9.77639102935791,-1.4223473072052002,11.270174026489258,-1.6464805603027344,12.784453392028809,-2.3247323036193848,14.23582935333252,-2.6058311462402344,15.687973022460938,-2.9323906898498535,17.524452209472656,-3.6623966693878174,19.163541793823242,-3.935145139694214
df6d034d10e749b8b0f18b9ac15d0d49,Turn right and merge into the middle lane,3.1072332859039307,0.2373511791229248,6.341362953186035,-0.8820699453353882,9.214944839477539,-1.6339175701141357,12.300186157226562,-2.395190477371216,15.344592094421387,-3.576218843460083,18.221107482910156,-4.749960422515869,21.364118576049805,-5.945384502410889,24.431772232055664,-7.505016803741455,27.34115219116211,-8.970759391784668,30.388057708740234,-10.69959545135498,33.4197998046875,-12.506244659423828,36.077064514160156,-14.230138778686523
e296988db39d4f6ba92bc1442271d1d0,Stop at the traffic light,4.7805094718933105,0.46881797909736633,9.4048433303833,-0.4539511799812317,13.630083084106445,-0.41179102659225464,17.816265106201172,-0.15070125460624695,21.929527282714844,-0.12905311584472656,25.867923736572266,-0.09767744690179825,30.100414276123047,0.06993813812732697,33.832672119140625,-0.11776033788919449,37.66400146484375,-0.07907379418611526,41.34735870361328,-0.09275924414396286,45.00225830078125,-0.12406453490257263,48.746368408203125,-0.053876087069511414
e2ad70afd5f749389bce404269deb9ac,stay on the left side to make space for the bicyclist,4.4679131507873535,0.4709973633289337,8.575247764587402,-0.21213245391845703,12.47606086730957,0.041439712047576904,16.280366897583008,0.528462290763855,19.975757598876953,0.9077714681625366,23.46057891845703,1.3424124717712402,27.397117614746094,1.739433765411377,30.72037124633789,2.1118619441986084,34.10465621948242,2.501399517059326,37.4730110168457,2.887042760848999,40.78001403808594,3.402115821838379,44.18806076049805,3.9377999305725098
e3892f1e22e84733ae9ac66e0b0ce89f,Pass the parked car on the right,5.518275260925293,0.5802811980247498,11.307135581970215,-0.7554482221603394,16.265789031982422,-0.8524550199508667,21.15131378173828,-0.6379084587097168,26.219364166259766,-0.8415157794952393,31.13665008544922,-1.1924529075622559,36.19950866699219,-1.0865983963012695,40.72443389892578,-1.7689430713653564,45.50087356567383,-1.9821295738220215,49.97440719604492,-2.2049710750579834,54.56261444091797,-2.6782588958740234,59.15542984008789,-2.8711557388305664
e52395b80db044018dd6b2cd9623206b,Turn left,2.495954990386963,0.3038381338119507,4.950234413146973,0.20392554998397827,7.14460563659668,1.255579948425293,9.995960235595703,2.2633585929870605,12.390052795410156,3.306865692138672,14.798026084899902,4.836059093475342,17.277711868286133,5.98327112197876,19.99276351928711,7.850880146026611,22.208805084228516,9.256961822509766,24.789398193359375,10.670076370239258,27.209308624267578,12.658151626586914,29.833127975463867,14.049684524536133
e73f09cf89af441e94ea10e80c0abc6a,Turn left at the light and stay in the left lane for the next light,3.1237664222717285,0.4785687029361725,6.437207221984863,0.22279131412506104,8.956002235412598,1.2522380352020264,12.15686321258545,2.41809344291687,14.919930458068848,3.596623182296753,17.48365592956543,5.147851943969727,20.638084411621094,6.345093727111816,23.35452651977539,8.334043502807617,25.988819122314453,9.686945915222168,28.77199935913086,11.435141563415527,31.589557647705078,13.211599349975586,34.50968933105469,14.733799934387207
ebaeb29574734b60b31b45df641f285b,Stay stopped at the red light and go forward once the light turns green,-0.0009241513907909393,-0.026708446443080902,-0.0023453973699361086,-0.09514810144901276,0.18217220902442932,-0.05110946297645569,0.4933135211467743,0.06947674602270126,0.8009850978851318,0.06342153996229172,1.1405749320983887,-0.02452801913022995,1.3602705001831055,-0.037771668285131454,2.041625738143921,-0.09605012834072113,2.455206871032715,0.018115881830453873,2.9709208011627197,-0.015684515237808228,3.477169990539551,-0.0788300484418869,3.9338457584381104,0.02509414032101631
ecb4cf8ca33648358bfd755b5625080d,slow down for the parked car and pedestrians on your right,2.3782520294189453,0.2099592238664627,4.154654026031494,-0.12212332338094711,6.01235294342041,-0.13534989953041077,7.855055332183838,0.323883593082428,9.393864631652832,0.22520112991333008,10.989057540893555,0.3907105028629303,12.961019515991211,0.6593319773674011,14.280062675476074,0.8275930881500244,15.846290588378906,0.8200467824935913,17.313535690307617,0.9466351270675659,18.83140754699707,1.0583229064941406,20.407917022705078,1.189611792564392
ed8801f8062440ef971d4bc65577c182,Approach the toll,5.169665813446045,0.5255157351493835,10.317648887634277,-0.5040691494941711,14.923545837402344,-0.4414401650428772,19.385635375976562,-0.0835089385509491,23.899539947509766,0.019224174320697784,28.262096405029297,0.02062436193227768,32.73435974121094,0.31543201208114624,36.81352615356445,0.06890561431646347,40.93444061279297,0.21418419480323792,44.89418029785156,0.3416005074977875,48.85734558105469,0.3169257938861847,52.94861602783203,0.524207592010498
edfd6cfd1805477fbeadbd29f39ed599,Keep left at the intersection,5.082742691040039,0.5128089189529419,10.143717765808105,-0.5444444417953491,14.657435417175293,-0.5301896929740906,19.114713668823242,-0.2600635588169098,23.58240509033203,-0.28082263469696045,27.89436149597168,-0.3554737865924835,32.42451858520508,-0.17651298642158508,36.45939636230469,-0.5034528970718384,40.63165283203125,-0.508148729801178,44.593360900878906,-0.5477126836776733,48.58461380004883,-0.6872044801712036,52.648193359375,-0.6651667356491089
ee9c9ac682b84c3cab1b658680b4547f,Go straight and stop at the traffic light,-0.01820731908082962,-0.026376113295555115,-0.026203669607639313,-0.09480290114879608,0.13946503400802612,-0.057922013103961945,0.4608458876609802,0.0775061696767807,0.7705590724945068,0.07927343249320984,1.11574125289917,-0.03318052738904953,1.320042610168457,-0.047419313341379166,2.009078025817871,-0.10248702019453049,2.4514212608337402,0.019727814942598343,2.9542386531829834,0.007945932447910309,3.480250358581543,-0.06457345187664032,3.931867837905884,0.04222332686185837
f13d92a0d3b34c57ad3aadd3ac8c1793,Turn left here,0.09730946272611618,-0.039840370416641235,0.27140629291534424,-0.149040088057518,0.5074690580368042,-0.05295298248529434,0.8210436105728149,0.004873625002801418,1.3719589710235596,0.0498359277844429,1.6826062202453613,-0.009348057210445404,1.958533763885498,-0.013925991952419281,2.6994407176971436,-0.17007261514663696,3.164787530899048,0.042897649109363556,3.819901466369629,-0.12074872851371765,4.560425758361816,-0.19908353686332703,4.99898624420166,-0.05747225880622864
f1ef9ed401064b7f9e5ce3f004b1b0fe,follow the coca-cola vehicle in front of you,3.504077196121216,0.2581179440021515,6.4761457443237305,-0.25282126665115356,9.581493377685547,-0.31857025623321533,12.619815826416016,-0.14261573553085327,15.364441871643066,-0.19989100098609924,17.86758041381836,-0.08828792721033096,20.65380859375,-0.049170199781656265,23.26993179321289,-0.17565223574638367,25.650657653808594,-0.1321485936641693,28.243074417114258,-0.29756394028663635,30.48792839050293,-0.30025437474250793,32.8819580078125,-0.19233858585357666
f41ad7cabc8c4bd8baa84834bb0b147e,Stop behind the stopped car and go forward once the light turns green,3.266526222229004,0.24980199337005615,5.994616508483887,-0.2197818160057068,8.852659225463867,-0.3453918993473053,11.651962280273438,-0.11587604880332947,14.11802864074707,-0.19509804248809814,16.3716983795166,-0.1411578357219696,18.900386810302734,-0.06455132365226746,21.246810913085938,-0.2605854272842407,23.420574188232422,-0.20456430315971375,25.769498825073242,-0.3416094481945038,27.8347225189209,-0.4531356692314148,29.97931671142578,-0.29502785205841064
f437809584344859882bdff7f8784c43,Take a right at the intersection and then drive past the taxi loop,2.0723180770874023,0.15710580348968506,3.9441301822662354,-0.35016176104545593,5.775845527648926,-0.5950733423233032,7.508167266845703,-0.883156418800354,8.744022369384766,-1.4189945459365845,10.403380393981934,-1.8424956798553467,12.127870559692383,-1.9866902828216553,13.353509902954102,-2.738964557647705,15.022845268249512,-3.0947651863098145,16.246601104736328,-3.668128490447998,18.06688117980957,-4.35850715637207,19.247426986694336,-4.923664093017578
f460db7967a44f47afe04d84cd6feecf,turn left where the construction is,1.4561201333999634,-0.031065763905644417,1.9858384132385254,0.00956665724515915,2.7635130882263184,0.17161834239959717,4.045300483703613,0.421238511800766,4.988991737365723,0.2652492821216583,5.671023368835449,0.6837122440338135,7.030742168426514,0.8189644813537598,7.480473041534424,1.1850029230117798,8.83559799194336,1.3032300472259521,9.510111808776855,1.5971671342849731,10.686836242675781,1.8920968770980835,11.773253440856934,1.9205029010772705
f8895e64d7f44755a0945b6fc3892e9a,Slow down and stay in the left lane,1.791401982307434,0.11390746384859085,3.4307756423950195,-0.37001994252204895,5.075531005859375,-0.586040735244751,6.560529708862305,-0.8688501119613647,7.630255222320557,-1.3717975616455078,9.246208190917969,-1.8384755849838257,10.757406234741211,-1.9674477577209473,11.893548965454102,-2.7823963165283203,13.389307022094727,-3.1312263011932373,14.502511978149414,-3.6824936866760254,16.265546798706055,-4.414594650268555,17.41401481628418,-5.003145217895508
fbc5306b24824f4695a11cc8581b7933,Pass these parked cars on the right,3.302431344985962,0.2406025230884552,6.122238636016846,-0.3127640187740326,9.057026863098145,-0.4819212555885315,11.96534252166748,-0.3961479365825653,14.546871185302734,-0.6076022386550903,16.977584838867188,-0.6685305833816528,19.602794647216797,-0.7436220645904541,22.10495376586914,-1.076298475265503,24.432497024536133,-1.1930286884307861,26.87442970275879,-1.523524284362793,29.096595764160156,-1.788331151008606,31.356651306152344,-1.8927361965179443
fd785bce89d74a58a43f4b2f5ffb180a,Go into the left lane at the light in front of us,3.591420888900757,0.2651137411594391,6.645593166351318,-0.2670515775680542,9.850671768188477,-0.2819429039955139,12.98825740814209,-0.14110398292541504,15.868491172790527,-0.1794595718383789,18.507831573486328,-0.00322047621011734,21.43813705444336,0.0032302550971508026,24.178714752197266,-0.04286598414182663,26.70261573791504,-0.017114169895648956,29.402198791503906,-0.17401453852653503,31.76971435546875,-0.11658832430839539,34.3116340637207,-0.06636177003383636
ff6f76d026234765be9de85f2781836c,slow down for speed bump,3.704841375350952,0.3022463917732239,6.866364002227783,-0.2464095950126648,10.147875785827637,-0.1476089358329773,13.41458511352539,0.05694008991122246,16.443023681640625,0.11953506618738174,19.24657440185547,0.41646715998649597,22.445968627929688,0.48156535625457764,25.29475212097168,0.63942551612854,28.03026008605957,0.7144020795822144,30.911300659179688,0.6653356552124023,33.50989532470703,0.9441547393798828,36.25585174560547,1.0531108379364014
